filename,start,duration,score
sample_1.wav_23.wav,52.5,3.0,0.5898694932460784
sample_1.wav_24.wav,45.0,6.0,0.6271293297410012
sample_1.wav_25.wav,7.5,7.5,0.6291827261447906
sample_1.wav_25.wav,25.5,7.5,0.6370085787773133
sample_1.wav_28.wav,9.0,1.5,0.5520007371902466
sample_1.wav_28.wav,28.5,7.5,0.6624436700344086
sample_1.wav_29.wav,22.5,7.5,0.64853910446167
sample_1.wav_29.wav,34.5,6.0,0.6090601295232774
